model,RMSE,MAE,R2
RandomForestRegressor,12.64575086704994,2.07156970957186,0.44795261807362396
