model,RMSE,MAE,R2
RandomForestRegressor,22.95554511208007,2.227748035451402,0.21027608683046561
