model,RMSE,MAE,R2
RandomForestRegressor,29.843371564653946,3.261028923760956,0.1303757119845066
