model,RMSE,MAE,R2
LinearRegression,14.29343876604558,4.828854641320463,0.2947216338773252
RandomForestRegressor,12.64575086704994,2.07156970957186,0.44795261807362396
DecisionTreeRegressor,12.822584132004712,2.6740789282891626,0.4324054379272452
