model,RMSE,MAE,R2
LinearRegression,23.812665699869036,4.677957351768927,0.15020122909770284
RandomForestRegressor,22.95554511208007,2.227748035451402,0.21027608683046561
DecisionTreeRegressor,23.14652123974097,3.0110554893106687,0.1970813861418641
