month,trips,avg_fare,avg_trip_miles
1,1248799,13.42454661638896,3.5277224997775427
4,1434690,14.397424544675161,3.862463619318083
7,1346342,14.462450023842383,4.231966573128871
10,1214291,15.068523681720446,4.105959263471128
