month,trips,avg_fare,avg_trip_miles
1,1248799,13.424546616389025,3.5277224997775836
4,1434690,14.39742454467516,3.8624636193180435
7,1346342,14.462450023842383,4.231966573128895
10,1214291,15.068523681720443,4.105959263471121
