month,trips,avg_fare,avg_trip_miles
1,1248799,13.424546616388964,3.5277224997775134
4,1434690,14.39742454467516,3.86246361931808
7,1346342,14.46245002384238,4.231966573128893
10,1214291,15.068523681720446,4.105959263471117
