distance_bin,trips,avg_fare_per_mile,median_fare_per_mile
0-1,1443477,23.301639362884934,8.996400680432846
1-2,1520523,6.980145937936167,5.534799455298698
10-20,609842,2.5494159307739817,2.5538867651914385
2-5,1129712,3.9657413975635873,3.854077767435272
20-50,63444,2.0916826199980467,2.4235247158202866
5-10,397862,2.9770505835968377,2.9614989468350443
