distance_bin,trips,avg_fare_per_mile,median_fare_per_mile
0-1,1443477,23.301639362884902,8.997616388747488
1-2,1520523,6.980145937936158,5.534388932905704
10-20,609842,2.5494159307739817,2.5538878405193524
2-5,1129712,3.9657413975636056,3.854077767435273
20-50,63444,2.091682619998049,2.4235247158202866
5-10,397862,2.9770505835968413,2.9614989468350443
