distance_bin,trips,avg_fare,median_fare
0-1,1517404,8.200728454650188,5.75
10-20,609842,39.57543109526737,42.0
2-3,586291,10.296866283125613,10.0
20-50,63248,53.728304452314696,55.05
3-5,543422,13.397493550132305,13.25
5-10,397862,19.982873182158645,19.5
1-2,1520537,9.050278033352688,7.5
50-100,5516,33.25429840464104,19.0
